{
  "metadata": {
    "version": "Agent_V2_Optimized",
    "total": 52,
    "timestamp": "2026-06-16 14:55:38"
  },
  "metrics": {
    "avg_score": 4.5,
    "hit_rate": 0.9807692307692307,
    "mrr": 0.9807692307692307,
    "faithfulness": 0.92,
    "avg_latency": 0.17316299039073504,
    "total_cost_usd": 0.166107,
    "avg_cost_usd": 0.003194365384615385,
    "agreement_rate": 0.5
  },
  "regression": {
    "v1_version": "Agent_V1_Base",
    "v2_version": "Agent_V2_Optimized",
    "v1_metrics": {
      "avg_score": 3.9615384615384617,
      "hit_rate": 0.8653846153846154,
      "mrr": 0.3557692307692308,
      "faithfulness": 0.8200000000000001,
      "avg_latency": 0.6456894403874265,
      "total_cost_usd": 0.45868400000000004,
      "avg_cost_usd": 0.008820846153846155,
      "agreement_rate": 0.5
    },
    "deltas": {
      "hit_rate_pct": 13.333333333333325,
      "mrr_pct": 175.67567567567568,
      "faithfulness_pct": 12.195121951219509,
      "cost_pct": -63.78617959205031,
      "avg_latency_pct": -73.1816908316119
    },
    "gate_decision": "RELEASE",
    "warnings": []
  }
}